query_id,parent_query_id,root_query_id,warehouse_id,warehouse_name,query_hash,query_parameterized_hash,query_tag,user_name,start_time,end_time,credits_attributed_compute,credits_used_query_acceleration
01c1c125-0417-c2ac-0000-328d39111fb6,,,64,LOOM_XS_WH,9afb2ce3306ed217b3caf3e14ebf2740,9afb2ce3306ed217b3caf3e14ebf2740,"{'dbt_invocation_id': '019bc334-8651-70d1-88f4-c7e001458937', 'dbt_user_name': 'DBT_SVC', 'dbt_model_name': 'expected_bse_snowflake__warehouse_metering_history', 'dbt_schema_name': 'LOOM_seeds', 'dbt_package_name': 'loom', 'dbt_materialization_type': 'seed', 'dbt_incremental_strategy': '', 'dbt_model_sources': '()', 'dbt_model_refs': '()', 'dbt_model_tags': '()'}",DBT_SVC,2026-01-15 19:49:24.521000+00:00,2026-01-15 19:49:25.328000+00:00,9.393750000000001e-06,
01c1c18f-0417-c2ac-0000-328d391301ce,,,64,LOOM_XS_WH,9afb2ce3306ed217b3caf3e14ebf2740,9afb2ce3306ed217b3caf3e14ebf2740,"{'dbt_invocation_id': '019bc395-cea7-7f10-bf31-6d6cccaa354f', 'dbt_user_name': 'DBT_SVC', 'dbt_model_name': 'expected_bse_snowflake__warehouse_metering_history', 'dbt_schema_name': 'LOOM_seeds', 'dbt_package_name': 'loom', 'dbt_materialization_type': 'seed', 'dbt_incremental_strategy': '', 'dbt_model_sources': '()', 'dbt_model_refs': '()', 'dbt_model_tags': '()'}",DBT_SVC,2026-01-15 21:35:39.803000+00:00,2026-01-15 21:35:41.025000+00:00,2.0937499999999997e-05,
01c1c18f-0417-c443-0000-328d3912f2a6,,,64,LOOM_XS_WH,6f631d901c62a9ea1885770e9a5fac85,6f631d901c62a9ea1885770e9a5fac85,"{'dbt_invocation_id': '019bc395-cea7-7f10-bf31-6d6cccaa354f', 'dbt_user_name': 'DBT_SVC', 'dbt_model_name': 'seed__snowflake__account_usage__warehouse_metering_history', 'dbt_schema_name': 'LOOM_seeds', 'dbt_package_name': 'loom', 'dbt_materialization_type': 'seed', 'dbt_incremental_strategy': '', 'dbt_model_sources': '()', 'dbt_model_refs': '()', 'dbt_model_tags': '()'}",DBT_SVC,2026-01-15 21:35:40.130000+00:00,2026-01-15 21:35:40.882000+00:00,2.0937499999999997e-05,
01c1c197-0417-c2ac-0000-328d3913055e,,,64,LOOM_XS_WH,75118be471b93b291316e3a6e81dba12,75118be471b93b291316e3a6e81dba12,"{'dbt_invocation_id': '019bc39d-4486-7453-b155-14bc7617cbeb', 'dbt_user_name': 'DBT_SVC', 'dbt_model_name': 'seed__snowflake__account_usage__query_history', 'dbt_schema_name': 'LOOM_seeds', 'dbt_package_name': 'loom', 'dbt_materialization_type': 'seed', 'dbt_incremental_strategy': '', 'dbt_model_sources': '()', 'dbt_model_refs': '()', 'dbt_model_tags': '()'}",DBT_SVC,2026-01-15 21:43:45.979000+00:00,2026-01-15 21:43:46.298000+00:00,0.0,
01c1c1f0-0417-c2ac-0000-328d391421b6,,,64,LOOM_XS_WH,3586ded0235410ea8e81d518071e619e,3586ded0235410ea8e81d518071e619e,"{'dbt_invocation_id': '019bc3e3-e1d4-7990-b0ea-b5841e81a1ab', 'dbt_user_name': 'DBT_SVC', 'dbt_model_name': 'mrt_dbt_model_activity', 'dbt_schema_name': 'LOOM_marts', 'dbt_package_name': 'loom', 'dbt_materialization_type': 'incremental', 'dbt_incremental_strategy': 'delete+insert'}",DBT_SVC,2026-01-15 23:12:03.116000+00:00,2026-01-15 23:12:04.056000+00:00,0.0,
01c1c1c3-0417-c443-0000-328d3913d322,,,64,LOOM_XS_WH,9afb2ce3306ed217b3caf3e14ebf2740,9afb2ce3306ed217b3caf3e14ebf2740,"{'dbt_invocation_id': '019bc3c5-89e6-7b10-908a-5fcb03f12b74', 'dbt_user_name': 'DBT_SVC', 'dbt_model_name': 'expected_bse_snowflake__warehouse_metering_history', 'dbt_schema_name': 'LOOM_seeds', 'dbt_package_name': 'loom', 'dbt_materialization_type': 'seed', 'dbt_incremental_strategy': ''}",DBT_SVC,2026-01-15 22:27:44.833000+00:00,2026-01-15 22:27:45.380000+00:00,0.0,
01c1c197-0417-c443-0000-328d3912f59a,,,64,LOOM_XS_WH,9afb2ce3306ed217b3caf3e14ebf2740,9afb2ce3306ed217b3caf3e14ebf2740,"{'dbt_invocation_id': '019bc39d-4486-7453-b155-14bc7617cbeb', 'dbt_user_name': 'DBT_SVC', 'dbt_model_name': 'expected_bse_snowflake__warehouse_metering_history', 'dbt_schema_name': 'LOOM_seeds', 'dbt_package_name': 'loom', 'dbt_materialization_type': 'seed', 'dbt_incremental_strategy': '', 'dbt_model_sources': '()', 'dbt_model_refs': '()', 'dbt_model_tags': '()'}",DBT_SVC,2026-01-15 21:43:45.497000+00:00,2026-01-15 21:43:45.753000+00:00,0.0,
01c1c1a2-0417-c443-0000-328d39134632,,,64,LOOM_XS_WH,22eb8c09456314a4d3111aef6706c9c3,22eb8c09456314a4d3111aef6706c9c3,"{'dbt_invocation_id': '019bc3a7-0463-7cf1-ba82-22e6f3eeed63', 'dbt_user_name': 'DBT_SVC', 'dbt_model_name': 'seed__snowflake__account_usage__query_attribution_history', 'dbt_schema_name': 'LOOM_seeds', 'dbt_package_name': 'loom', 'dbt_materialization_type': 'seed', 'dbt_incremental_strategy': '', 'dbt_model_sources': '()', 'dbt_model_refs': '()', 'dbt_model_tags': '()'}",DBT_SVC,2026-01-15 21:54:24.876000+00:00,2026-01-15 21:54:25.616000+00:00,0.0,
01c1c114-0417-c2ac-0000-328d39111ac6,,,64,LOOM_XS_WH,9afb2ce3306ed217b3caf3e14ebf2740,9afb2ce3306ed217b3caf3e14ebf2740,"{'dbt_invocation_id': '019bc324-a83d-7f93-84c8-8f8809b366cd', 'dbt_user_name': 'DBT_SVC', 'dbt_model_name': 'expected_bse_snowflake__warehouse_metering_history', 'dbt_schema_name': 'LOOM_seeds', 'dbt_package_name': 'loom', 'dbt_materialization_type': 'seed', 'dbt_incremental_strategy': '', 'dbt_model_sources': '()', 'dbt_model_refs': '()', 'dbt_model_tags': '()'}",DBT_SVC,2026-01-15 19:32:01.395000+00:00,2026-01-15 19:32:02.201000+00:00,0.0,
