query_id,query_text,database_id,database_name,schema_id,schema_name,query_type,session_id,authn_event_id,user_name,role_name,warehouse_id,warehouse_name,warehouse_size,warehouse_type,cluster_number,query_tag,execution_status,error_code,error_message,start_time,end_time,total_elapsed_time,bytes_scanned,percentage_scanned_from_cache,bytes_written,bytes_written_to_result,bytes_read_from_result,rows_produced,rows_inserted,rows_updated,rows_deleted,rows_unloaded,bytes_deleted,partitions_scanned,partitions_total,bytes_spilled_to_local_storage,bytes_spilled_to_remote_storage,bytes_sent_over_the_network,compilation_time,execution_time,queued_provisioning_time,queued_repair_time,queued_overload_time,transaction_blocked_time,outbound_data_transfer_cloud,outbound_data_transfer_region,outbound_data_transfer_bytes,inbound_data_transfer_cloud,inbound_data_transfer_region,inbound_data_transfer_bytes,list_external_files_time,credits_used_cloud_services,release_version,external_function_total_invocations,external_function_total_sent_rows,external_function_total_received_rows,external_function_total_sent_bytes,external_function_total_received_bytes,query_load_percent,is_client_generated_statement,query_acceleration_bytes_scanned,query_acceleration_partitions_scanned,query_acceleration_upper_limit_scale_factor,transaction_id,child_queries_wait_time,role_type,query_hash,query_hash_version,query_parameterized_hash,query_parameterized_hash_version,secondary_role_stats,rows_written_to_result,query_retry_time,query_retry_cause,fault_handling_time,user_type,user_database_name,user_database_id,user_schema_name,user_schema_id,bind_values
01c1c18f-0417-c443-0000-328d3912f2a6,"insert into dbt_loom_test.LOOM_seeds.seed__snowflake__account_usage__warehouse_metering_history (START_TIME, END_TIME, WAREHOUSE_ID, WAREHOUSE_NAME, CREDITS_USED, CREDITS_USED_COMPUTE, CREDITS_USED_CLOUD_SERVICES, CREDITS_ATTRIBUTED_COMPUTE_QUERIES) values
            ('2025-04-30T21:00:00','2025-04-30T22:00:00',19,'ETL_WH',0.681722235,0.622500001,0.059222234,0.622500001),('2025-04-30T21:00:00','2025-04-30T22:00:00',6,'LOOKER_WH',3.234354998,3.223333336,0.011021662,0.13789637),('2025-04-30T21:00:00','2025-04-30T22:00:00',20,'TRANSFORM_WH',0.456616954,0.318333334,0.13828362,0.253895823),('2025-04-30T21:00:00','2025-04-30T22:00:00',22,'AMPLITUDE_WH',0.179558335,0.176666668,0.002891667,0.054751435),('2025-04-30T22:00:00','2025-04-30T23:00:00',19,'ETL_WH',0.519063381,0.348333333,0.170730048,0.156547651),('2025-04-30T22:00:00','2025-04-30T23:00:00',6,'LOOKER_WH',4.009123887,4.000000002,0.009123885,0.181063333),('2025-04-30T22:00:00','2025-04-30T23:00:00',20,'TRANSFORM_WH',0.449853345,0.312777778,0.137075567,0.255623528),('2025-04-30T22:00:00','2025-04-30T23:00:00',22,'AMPLITUDE_WH',0.173042219,0.17,0.003042219,0.020319984),('2025-04-30T23:00:00','2025-05-01T00:00:00',20,'TRANSFORM_WH',0.513710012,0.321388889,0.192321123,0.282794259),('2025-04-25T07:00:00','2025-04-25T08:00:00',22,'AMPLITUDE_WH',0.188693058,0.186111112,0.002581946,0.049983529)",149,LOCAL_BENGEN,,,INSERT,55581545914818,55581424269702,DBT_SVC,DBT_DEV,64,LOOM_XS_WH,X-Small,STANDARD,1.0,"{'dbt_invocation_id': '019bc395-cea7-7f10-bf31-6d6cccaa354f', 'dbt_user_name': 'DBT_SVC', 'dbt_model_name': 'seed__snowflake__account_usage__warehouse_metering_history', 'dbt_schema_name': 'LOOM_seeds', 'dbt_package_name': 'loom', 'dbt_materialization_type': 'seed', 'dbt_incremental_strategy': '', 'dbt_model_sources': '()', 'dbt_model_refs': '()', 'dbt_model_tags': '()'}",SUCCESS,,,2026-01-15 21:35:40.130000+00:00,2026-01-15 21:35:40.882000+00:00,752,0,0.0,3584,26,0,10.0,10,0,0,0,0,0,0,0,0,0,217,409,126,0,0,0,,,0,,,0,0,4.8e-05,10.0.0,0,0,0,0,0,100.0,False,0,0,0,1768512940086000000,0,ROLE,6f631d901c62a9ea1885770e9a5fac85,2,6f631d901c62a9ea1885770e9a5fac85,1,"{""roleCount"":3,""roleIds"":[5882,5853,5852]}",1,,,,SERVICE,,,,,
01c1c1f0-0417-c2ac-0000-328d391421b6,"create or replace temporary table LOCAL_BENGEN.LOOM_marts.mrt_dbt_model_activity__dbt_tmp
as (
    


with recent_queries as (
    select
        ""DIM_EXECUTION_START_DATETIME"",
  ""DIM_START_DATETIME"",
  ""DBT_INVOCATION_ID"",
  ""SF_QUERY_ID"",
  ""SF_TRANSACTION_ID"",
  ""SF_SESSION_ID"",
  ""SF_SCHEMA_ID"",
  ""SF_WAREHOUSE_ID"",
  ""SF_DATABASE_ID"",
  ""DIM_END_DATETIME"",
  ""DIM_INCREMENTAL_STRATEGY_DBT"",
  ""DIM_MATERIALIZATION_DBT"",
  ""DIM_MODEL_NAME_DBT"",
  ""DIM_OUTBOUND_CLOUD_TRANSFER"",
  ""DIM_OUTBOUND_REGION_TRANSFER"",
  ""DIM_PACKAGE_NAME_DBT"",
  ""DIM_USER_NAME_DBT"",
  ""INFO_REFS_DBT"",
  ""INFO_SOURCES_DBT"",
  ""INFO_TAGS_DBT"",
  ""IS_FULL_REFRESH"",
  ""DIM_DATABASE_NAME"",
  ""DIM_ROLE_NAME"",
  ""DIM_ROLE_TYPE"",
  ""DIM_SCHEMA_NAME"",
  ""DIM_USER_NAME_SNOWFLAKE"",
  ""DIM_WAREHOUSE_NAME"",
  ""DIM_WAREHOUSE_SIZE"",
  ""DIM_WAREHOUSE_TYPE"",
  ""MET_BYTES_DELETED"",
  ""MET_BYTES_READ_FROM_RESULT"",
  ""MET_BYTES_SCANNED"",
  ""MET_BYTES_SENT_OVER_NETWORK"",
  ""MET_BYTES_SPILLED_TO_LOCAL_STORAGE"",
  ""MET_BYTES_SPILLED_TO_REMOTE_STORAGE"",
  ""MET_BYTES_WRITTEN"",
  ""MET_BYTES_WRITTEN_TO_RESULT"",
  ""MET_CHILD_QUERIES_WAIT_MILLIS"",
  ""MET_COMPILATION_MILLIS"",
  ""MET_CREDITS_ATTRIBUTED_COMPUTE"",
  ""MET_CREDITS_USED_CLOUD"",
  ""MET_CREDITS_USED_QUERY_ACCELERATION"",
  ""MET_EXECUTION_MILLIS"",
  ""MET_EXTERNAL_FUNCTION_INVOCATIONS"",
  ""MET_EXTERNAL_FUNCTION_RECEIVED_ROWS"",
  ""MET_EXTERNAL_FUNCTION_RECEIVED_BYTES"",
  ""MET_EXTERNAL_FUNCTION_SENT_BYTES"",
  ""MET_EXTERNAL_FUNCTION_SENT_ROWS"",
  ""MET_FAULT_HANDLING_MILLIS"",
  ""MET_INBOUND_CLOUD_TRANSFER"",
  ""MET_INBOUND_REGION_TRANSFER"",
  ""MET_INBOUND_TRANSFER_BYTES"",
  ""MET_LIST_EXTERNAL_FILES_MILLIS"",
  ""MET_OUTBOUND_TRANSFER_BYTES"",
  ""MET_PARTITIONS_SCANNED"",
  ""MET_PARTITIONS_TOTAL"",
  ""MET_QUERY_ACCELERATION_BYTES_SCANNED"",
  ""MET_QUERY_ACCELERATION_PARTITIONS_SCANNED"",
  ""MET_QUEUED_PROVISIONING_MILLIS"",
  ""MET_QUEUED_OVERLOAD_MILLIS"",
  ""MET_ROWS_DELETED"",
  ""MET_ROWS_INSERTED"",
  ""MET_ROWS_PRODUCED"",
  ""MET_ROWS_UNLOADED"",
  ""MET_ROWS_UPDATED"",
  ""MET_ROWS_WRITTEN_TO_RESULT"",
  ""MET_TOTAL_ELAPSED_MILLIS"",
  ""MET_TRANSACTION_BLOCKED_MILLIS"",
  ""MET_QUERY_RUNTIME_MILLIS"",
  ""MET_QUERY_RUNTIME_SECONDS"",
  ""MET_CREDITS_USED_COMPUTE"",
    
    from LOCAL_BENGEN.LOOM_infrastructure.fct_dbt_model_activity
    
    where dim_start_datetime > (select max(dateadd(day, -7, dim_start_datetime)) from LOCAL_BENGEN.LOOM_infrastructure.fct_dbt_model_activity)
    
)

select *
from recent_queries
    )

/* {""app"": ""dbt"", ""dbt_version"": ""2.0.0"", ""file"": ""models/marts/mrt_dbt_model_activity.sql"", ""invocation_id"": ""019bc3e3-e1d4-7990-b0ea-b5841e81a1ab"", ""is_full_refresh"": false, ""node_id"": ""model.loom.mrt_dbt_model_activity"", ""node_name"": ""mrt_dbt_model_activity"", ""package_name"": ""loom"", ""profile_name"": ""loom"", ""relation"": {""database"": ""LOCAL_BENGEN"", ""identifier"": null, ""schema"": ""LOOM_marts""}, ""resource_type"": ""model"", ""target_name"": ""local""} */",149,LOCAL_BENGEN,,,CREATE_TABLE_AS_SELECT,55581545924826,55581424282246,DBT_SVC,DBT_DEV,64,LOOM_XS_WH,X-Small,STANDARD,1.0,"{'dbt_invocation_id': '019bc3e3-e1d4-7990-b0ea-b5841e81a1ab', 'dbt_user_name': 'DBT_SVC', 'dbt_model_name': 'mrt_dbt_model_activity', 'dbt_schema_name': 'LOOM_marts', 'dbt_package_name': 'loom', 'dbt_materialization_type': 'incremental', 'dbt_incremental_strategy': 'delete+insert'}",SUCCESS,,,2026-01-15 23:12:03.116000+00:00,2026-01-15 23:12:04.056000+00:00,940,0,0.0,0,63,0,1.0,0,0,0,0,0,0,0,0,0,0,143,797,0,0,0,0,,,0,,,0,0,9.3e-05,10.0.0,0,0,0,0,0,100.0,False,0,0,0,1768518723542000000,0,ROLE,3586ded0235410ea8e81d518071e619e,2,3586ded0235410ea8e81d518071e619e,1,"{""roleCount"":3,""roleIds"":[5882,5853,5852]}",1,,,,SERVICE,,,,,
01c1c114-0417-c2ac-0000-328d39111ac6,"insert into dbt_loom_test.LOOM_seeds.expected_bse_snowflake__warehouse_metering_history (DW_METERING_HISTORY_ID, SF_WAREHOUSE_ID, DIM_END_DATETIME, DIM_START_DATETIME, DIM_WAREHOUSE_NAME, MET_CREDITS_USED, MET_CREDITS_USED_CLOUD_SERVICES, MET_CREDITS_USED_COMPUTE) values
            ('c0232ee02da220cdd35a297b9b05c38b',19,'2025-05-01T05:00:00','2025-05-01T04:00:00','etl_wh',0.681722235,0.059222234,0.622500001),('501ab6e52ab1b47d68a03b86046ffdd7',6,'2025-05-01T05:00:00','2025-05-01T04:00:00','looker_wh',3.234354998,0.011021662,3.223333336),('75f10bd8aaec5f7844558e8aac01bad9',20,'2025-05-01T05:00:00','2025-05-01T04:00:00','transform_wh',0.456616954,0.13828362,0.318333334),('b969a73e456a05857e0f2e76d8a2e212',22,'2025-05-01T05:00:00','2025-05-01T04:00:00','amplitude_wh',0.179558335,0.002891667,0.176666668),('2d836a7a2a6e4db77483e7fab15d4463',19,'2025-05-01T06:00:00','2025-05-01T05:00:00','etl_wh',0.519063381,0.170730048,0.348333333),('c3b8fef914faa234e4de2d08fe257124',6,'2025-05-01T06:00:00','2025-05-01T05:00:00','looker_wh',4.009123887,0.009123885,4.000000002),('e2f1ece668fd818a2bd55dc9a985c508',20,'2025-05-01T06:00:00','2025-05-01T05:00:00','transform_wh',0.449853345,0.137075567,0.312777778),('e4b0f348e0a7f82738c30b38a8e57fa8',22,'2025-05-01T06:00:00','2025-05-01T05:00:00','amplitude_wh',0.173042219,0.003042219,0.17),('63f7455e7f826179045dd7127556cab3',20,'2025-05-01T07:00:00','2025-05-01T06:00:00','transform_wh',0.513710012,0.192321123,0.321388889),('ace8e1e1a01cc0528e89c677dad918a9',22,'2025-04-25T15:00:00','2025-04-25T14:00:00','amplitude_wh',0.188693058,0.002581946,0.186111112)",149,LOCAL_BENGEN,,,INSERT,55581545889754,55581424251374,DBT_SVC,DBT_DEV,64,LOOM_XS_WH,X-Small,STANDARD,1.0,"{'dbt_invocation_id': '019bc324-a83d-7f93-84c8-8f8809b366cd', 'dbt_user_name': 'DBT_SVC', 'dbt_model_name': 'expected_bse_snowflake__warehouse_metering_history', 'dbt_schema_name': 'LOOM_seeds', 'dbt_package_name': 'loom', 'dbt_materialization_type': 'seed', 'dbt_incremental_strategy': '', 'dbt_model_sources': '()', 'dbt_model_refs': '()', 'dbt_model_tags': '()'}",SUCCESS,,,2026-01-15 19:32:01.395000+00:00,2026-01-15 19:32:02.201000+00:00,806,0,0.0,4096,26,0,10.0,10,0,0,0,0,0,0,0,0,0,288,380,138,0,0,0,,,0,,,0,0,7.3e-05,10.0.0,0,0,0,0,0,100.0,False,0,0,0,1768505521321000000,0,ROLE,9afb2ce3306ed217b3caf3e14ebf2740,2,9afb2ce3306ed217b3caf3e14ebf2740,1,"{""roleCount"":3,""roleIds"":[5882,5853,5852]}",1,,,,SERVICE,,,,,
01c1c125-0417-c2ac-0000-328d39111fb6,"insert into dbt_loom_test.LOOM_seeds.expected_bse_snowflake__warehouse_metering_history (DW_METERING_HISTORY_ID, SF_WAREHOUSE_ID, DIM_END_DATETIME, DIM_START_DATETIME, DIM_WAREHOUSE_NAME, MET_CREDITS_USED, MET_CREDITS_USED_CLOUD_SERVICES, MET_CREDITS_USED_COMPUTE) values
            ('c0232ee02da220cdd35a297b9b05c38b',19,'2025-05-01T05:00:00','2025-05-01T04:00:00','etl_wh',0.681722235,0.059222234,0.622500001),('501ab6e52ab1b47d68a03b86046ffdd7',6,'2025-05-01T05:00:00','2025-05-01T04:00:00','looker_wh',3.234354998,0.011021662,3.223333336),('75f10bd8aaec5f7844558e8aac01bad9',20,'2025-05-01T05:00:00','2025-05-01T04:00:00','transform_wh',0.456616954,0.13828362,0.318333334),('b969a73e456a05857e0f2e76d8a2e212',22,'2025-05-01T05:00:00','2025-05-01T04:00:00','amplitude_wh',0.179558335,0.002891667,0.176666668),('2d836a7a2a6e4db77483e7fab15d4463',19,'2025-05-01T06:00:00','2025-05-01T05:00:00','etl_wh',0.519063381,0.170730048,0.348333333),('c3b8fef914faa234e4de2d08fe257124',6,'2025-05-01T06:00:00','2025-05-01T05:00:00','looker_wh',4.009123887,0.009123885,4.000000002),('e2f1ece668fd818a2bd55dc9a985c508',20,'2025-05-01T06:00:00','2025-05-01T05:00:00','transform_wh',0.449853345,0.137075567,0.312777778),('e4b0f348e0a7f82738c30b38a8e57fa8',22,'2025-05-01T06:00:00','2025-05-01T05:00:00','amplitude_wh',0.173042219,0.003042219,0.17),('63f7455e7f826179045dd7127556cab3',20,'2025-05-01T07:00:00','2025-05-01T06:00:00','transform_wh',0.513710012,0.192321123,0.321388889),('ace8e1e1a01cc0528e89c677dad918a9',22,'2025-04-25T15:00:00','2025-04-25T14:00:00','amplitude_wh',0.188693058,0.002581946,0.186111112)",149,LOCAL_BENGEN,,,INSERT,55581545895930,55581424253466,DBT_SVC,DBT_DEV,64,LOOM_XS_WH,X-Small,STANDARD,1.0,"{'dbt_invocation_id': '019bc334-8651-70d1-88f4-c7e001458937', 'dbt_user_name': 'DBT_SVC', 'dbt_model_name': 'expected_bse_snowflake__warehouse_metering_history', 'dbt_schema_name': 'LOOM_seeds', 'dbt_package_name': 'loom', 'dbt_materialization_type': 'seed', 'dbt_incremental_strategy': '', 'dbt_model_sources': '()', 'dbt_model_refs': '()', 'dbt_model_tags': '()'}",SUCCESS,,,2026-01-15 19:49:24.521000+00:00,2026-01-15 19:49:25.328000+00:00,807,0,0.0,4096,26,0,10.0,10,0,0,0,0,0,0,0,0,0,200,341,266,0,0,0,,,0,,,0,0,5.1e-05,10.0.0,0,0,0,0,0,100.0,False,0,0,0,1768506564408000000,0,ROLE,9afb2ce3306ed217b3caf3e14ebf2740,2,9afb2ce3306ed217b3caf3e14ebf2740,1,"{""roleCount"":3,""roleIds"":[5882,5853,5852]}",1,,,,SERVICE,,,,,
01c1c1a2-0417-c443-0000-328d39134632,"insert into dbt_loom_test.LOOM_seeds.seed__snowflake__account_usage__query_attribution_history (QUERY_ID, PARENT_QUERY_ID, ROOT_QUERY_ID, WAREHOUSE_ID, WAREHOUSE_NAME, QUERY_HASH, QUERY_PARAMETERIZED_HASH, QUERY_TAG, USER_NAME, START_TIME, END_TIME, CREDITS_ATTRIBUTED_COMPUTE, CREDITS_USED_QUERY_ACCELERATION) values
            ('01c186a0-0417-97f6-0000-328d388acf06',NULL,NULL,19,'ETL_WH','c1746bbf3da939bc9d60d1051442ed72','a4514be01d3ae4a65b0dabf32cb0ef68','{""source"":""segment"",""product"":""twiliosegment_warehousedestination"",""id"":""1767607626|xv6Gnj0J9U|tn490uWKT1""}','SEGMENT_USER_PROD','2026-01-05T10:08:19.637','2026-01-05T10:08:20.687',0.00011643464616212437,NULL),('01c186a6-0417-9591-0000-328d388adf7e',NULL,NULL,22,'AMPLITUDE_WH','8ed1c591547d7ee145fdd57b74bfdaa8','29f6465e381e5662a5da8f783baa92cf',NULL,'AMPLITUDE_SYNC_USER','2026-01-05T10:14:47.135','2026-01-05T10:14:47.630',0.0,NULL),('01c186ae-0417-97f6-0000-328d388b23f2',NULL,NULL,19,'ETL_WH','f3e69632639bafe59e37eb353728c722','f3e69632639bafe59e37eb353728c722',NULL,'FIVETRAN_USER','2026-01-05T10:22:50.928','2026-01-05T10:22:51.065',0.0,NULL),('01c1869c-0417-9591-0000-328d388ad6be',NULL,NULL,20,'TRANSFORM_WH','51b85c06499960cbdab2681f1e676856','51b85c06499960cbdab2681f1e676856',NULL,'DBT','2026-01-05T10:04:58.438','2026-01-05T10:04:59.066',0.0,NULL),('01c18698-0417-9591-0000-328d388ad316',NULL,NULL,20,'TRANSFORM_WH','5773a1161b7baa8505a72d0ecac88363','5773a1161b7baa8505a72d0ecac88363',NULL,'DBT','2026-01-05T10:00:30.871','2026-01-05T10:00:32.904',0.00009771178469901265,NULL),('01c186cd-0417-950a-0000-328d388b6f8a',NULL,NULL,19,'ETL_WH','76c75edcba81f8e3ff7145e2fbcd5631','76c75edcba81f8e3ff7145e2fbcd5631',NULL,'FIVETRAN_USER','2026-01-05T10:53:02.599','2026-01-05T10:53:02.842',0.00007935320052659033,NULL),('01c186ce-0417-950a-0000-328d388b8782',NULL,NULL,20,'TRANSFORM_WH','cebbfd4b6595ac3773f348dd7ef70c0e','cebbfd4b6595ac3773f348dd7ef70c0e',NULL,'DBT','2026-01-05T10:54:08.812','2026-01-05T10:54:09.955',0.00020654281951231005,NULL),('01c186ad-0417-950a-0000-328d388b1a02',NULL,NULL,20,'TRANSFORM_WH','36182de338187e7d1a2a7d5f6ca1905c','36182de338187e7d1a2a7d5f6ca1905c',NULL,'DBT','2026-01-05T10:21:20.224','2026-01-05T10:21:22.006',0.0004643372406634719,NULL),('01c184ce-0417-950a-0000-328d388784f6',NULL,NULL,19,'ETL_WH','5602759ca8509ba147f57b92b5b785c5','5602759ca8509ba147f57b92b5b785c5',NULL,'FIVETRAN_USER','2026-01-05T02:22:50.344','2026-01-05T02:22:50.687',0.00008683515054424668,NULL),('01c184cf-0417-950a-0000-328d3887876e',NULL,NULL,19,'ETL_WH','9594e463bb001c5b4d568efc8c8f3989','9594e463bb001c5b4d568efc8c8f3989',NULL,'FIVETRAN_USER','2026-01-05T02:23:02.775','2026-01-05T02:23:04.850',0.000004675711020630949,NULL)",149,LOCAL_BENGEN,,,INSERT,55581545915646,55581424273598,DBT_SVC,DBT_DEV,64,LOOM_XS_WH,X-Small,STANDARD,1.0,"{'dbt_invocation_id': '019bc3a7-0463-7cf1-ba82-22e6f3eeed63', 'dbt_user_name': 'DBT_SVC', 'dbt_model_name': 'seed__snowflake__account_usage__query_attribution_history', 'dbt_schema_name': 'LOOM_seeds', 'dbt_package_name': 'loom', 'dbt_materialization_type': 'seed', 'dbt_incremental_strategy': '', 'dbt_model_sources': '()', 'dbt_model_refs': '()', 'dbt_model_tags': '()'}",SUCCESS,,,2026-01-15 21:54:24.876000+00:00,2026-01-15 21:54:25.616000+00:00,740,0,0.0,5632,26,0,10.0,10,0,0,0,0,0,0,0,0,0,294,334,112,0,0,0,,,0,,,0,0,6.3e-05,10.0.0,0,0,0,0,0,100.0,False,0,0,0,1768514064835000000,0,ROLE,22eb8c09456314a4d3111aef6706c9c3,2,22eb8c09456314a4d3111aef6706c9c3,1,"{""roleCount"":3,""roleIds"":[5882,5853,5852]}",1,,,,SERVICE,,,,,
01c1c197-0417-c443-0000-328d3912f59a,"insert into dbt_loom_test.LOOM_seeds.expected_bse_snowflake__warehouse_metering_history (DW_METERING_HISTORY_ID, SF_WAREHOUSE_ID, DIM_END_DATETIME, DIM_START_DATETIME, DIM_WAREHOUSE_NAME, MET_CREDITS_USED, MET_CREDITS_USED_CLOUD_SERVICES, MET_CREDITS_USED_COMPUTE) values
            ('c0232ee02da220cdd35a297b9b05c38b',19,'2025-05-01T05:00:00','2025-05-01T04:00:00','etl_wh',0.681722235,0.059222234,0.622500001),('501ab6e52ab1b47d68a03b86046ffdd7',6,'2025-05-01T05:00:00','2025-05-01T04:00:00','looker_wh',3.234354998,0.011021662,3.223333336),('75f10bd8aaec5f7844558e8aac01bad9',20,'2025-05-01T05:00:00','2025-05-01T04:00:00','transform_wh',0.456616954,0.13828362,0.318333334),('b969a73e456a05857e0f2e76d8a2e212',22,'2025-05-01T05:00:00','2025-05-01T04:00:00','amplitude_wh',0.179558335,0.002891667,0.176666668),('2d836a7a2a6e4db77483e7fab15d4463',19,'2025-05-01T06:00:00','2025-05-01T05:00:00','etl_wh',0.519063381,0.170730048,0.348333333),('c3b8fef914faa234e4de2d08fe257124',6,'2025-05-01T06:00:00','2025-05-01T05:00:00','looker_wh',4.009123887,0.009123885,4.000000002),('e2f1ece668fd818a2bd55dc9a985c508',20,'2025-05-01T06:00:00','2025-05-01T05:00:00','transform_wh',0.449853345,0.137075567,0.312777778),('e4b0f348e0a7f82738c30b38a8e57fa8',22,'2025-05-01T06:00:00','2025-05-01T05:00:00','amplitude_wh',0.173042219,0.003042219,0.17),('63f7455e7f826179045dd7127556cab3',20,'2025-05-01T07:00:00','2025-05-01T06:00:00','transform_wh',0.513710012,0.192321123,0.321388889),('ace8e1e1a01cc0528e89c677dad918a9',22,'2025-04-25T15:00:00','2025-04-25T14:00:00','amplitude_wh',0.188693058,0.002581946,0.186111112)",149,LOCAL_BENGEN,,,INSERT,55581545909654,55581424270166,DBT_SVC,DBT_DEV,64,LOOM_XS_WH,X-Small,STANDARD,1.0,"{'dbt_invocation_id': '019bc39d-4486-7453-b155-14bc7617cbeb', 'dbt_user_name': 'DBT_SVC', 'dbt_model_name': 'expected_bse_snowflake__warehouse_metering_history', 'dbt_schema_name': 'LOOM_seeds', 'dbt_package_name': 'loom', 'dbt_materialization_type': 'seed', 'dbt_incremental_strategy': '', 'dbt_model_sources': '()', 'dbt_model_refs': '()', 'dbt_model_tags': '()'}",SUCCESS,,,2026-01-15 21:43:45.497000+00:00,2026-01-15 21:43:45.753000+00:00,256,0,0.0,4096,26,0,10.0,10,0,0,0,0,0,0,0,0,0,81,175,0,0,0,0,,,0,,,0,0,2.6e-05,10.0.0,0,0,0,0,0,100.0,False,0,0,0,1768513425419000000,0,ROLE,9afb2ce3306ed217b3caf3e14ebf2740,2,9afb2ce3306ed217b3caf3e14ebf2740,1,"{""roleCount"":3,""roleIds"":[5882,5853,5852]}",1,,,,SERVICE,,,,,
01c1c197-0417-c443-0000-328d3912f5ae,COMMIT,149,LOCAL_BENGEN,,,COMMIT,55581545909658,55581424270170,DBT_SVC,DBT_DEV,64,LOOM_XS_WH,,STANDARD,,"{'dbt_invocation_id': '019bc39d-4486-7453-b155-14bc7617cbeb', 'dbt_user_name': 'DBT_SVC', 'dbt_model_name': 'seed__snowflake__account_usage__warehouse_metering_history', 'dbt_schema_name': 'LOOM_seeds', 'dbt_package_name': 'loom', 'dbt_materialization_type': 'seed', 'dbt_incremental_strategy': '', 'dbt_model_sources': '()', 'dbt_model_refs': '()', 'dbt_model_tags': '()'}",SUCCESS,,,2026-01-15 21:43:45.819000+00:00,2026-01-15 21:43:46.087000+00:00,268,0,0.0,0,36,0,,0,0,0,0,0,0,0,0,0,0,28,240,0,0,0,0,,,0,,,0,0,4.1e-05,10.0.0,0,0,0,0,0,,False,0,0,0,1768513425484000000,0,ROLE,fcbf3ab468c1e84dea95bfce429aa03e,2,fcbf3ab468c1e84dea95bfce429aa03e,1,"{""roleCount"":3,""roleIds"":[5882,5853,5852]}",1,,,,SERVICE,,,,,
01c1c197-0417-c2ac-0000-328d3913055e,"insert into dbt_loom_test.LOOM_seeds.seed__snowflake__account_usage__query_history (QUERY_ID, QUERY_TEXT, DATABASE_ID, DATABASE_NAME, SCHEMA_ID, SCHEMA_NAME, QUERY_TYPE, SESSION_ID, AUTHN_EVENT_ID, USER_NAME, ROLE_NAME, WAREHOUSE_ID, WAREHOUSE_NAME, WAREHOUSE_SIZE, WAREHOUSE_TYPE, CLUSTER_NUMBER, QUERY_TAG, EXECUTION_STATUS, ERROR_CODE, ERROR_MESSAGE, START_TIME, END_TIME, TOTAL_ELAPSED_TIME, BYTES_SCANNED, PERCENTAGE_SCANNED_FROM_CACHE, BYTES_WRITTEN, BYTES_WRITTEN_TO_RESULT, BYTES_READ_FROM_RESULT, ROWS_PRODUCED, ROWS_INSERTED, ROWS_UPDATED, ROWS_DELETED, ROWS_UNLOADED, BYTES_DELETED, PARTITIONS_SCANNED, PARTITIONS_TOTAL, BYTES_SPILLED_TO_LOCAL_STORAGE, BYTES_SPILLED_TO_REMOTE_STORAGE, BYTES_SENT_OVER_THE_NETWORK, COMPILATION_TIME, EXECUTION_TIME, QUEUED_PROVISIONING_TIME, QUEUED_REPAIR_TIME, QUEUED_OVERLOAD_TIME, TRANSACTION_BLOCKED_TIME, OUTBOUND_DATA_TRANSFER_CLOUD, OUTBOUND_DATA_TRANSFER_REGION, OUTBOUND_DATA_TRANSFER_BYTES, INBOUND_DATA_TRANSFER_CLOUD, INBOUND_DATA_TRANSFER_REGION, INBOUND_DATA_TRANSFER_BYTES, LIST_EXTERNAL_FILES_TIME, CREDITS_USED_CLOUD_SERVICES, RELEASE_VERSION, EXTERNAL_FUNCTION_TOTAL_INVOCATIONS, EXTERNAL_FUNCTION_TOTAL_SENT_ROWS, EXTERNAL_FUNCTION_TOTAL_RECEIVED_ROWS, EXTERNAL_FUNCTION_TOTAL_SENT_BYTES, EXTERNAL_FUNCTION_TOTAL_RECEIVED_BYTES, QUERY_LOAD_PERCENT, IS_CLIENT_GENERATED_STATEMENT, QUERY_ACCELERATION_BYTES_SCANNED, QUERY_ACCELERATION_PARTITIONS_SCANNED, QUERY_ACCELERATION_UPPER_LIMIT_SCALE_FACTOR, TRANSACTION_ID, CHILD_QUERIES_WAIT_TIME, ROLE_TYPE, QUERY_HASH, QUERY_HASH_VERSION, QUERY_PARAMETERIZED_HASH, QUERY_PARAMETERIZED_HASH_VERSION, SECONDARY_ROLE_STATS, ROWS_WRITTEN_TO_RESULT, QUERY_RETRY_TIME, QUERY_RETRY_CAUSE, FAULT_HANDLING_TIME, USER_TYPE, USER_DATABASE_NAME, USER_DATABASE_ID, USER_SCHEMA_NAME, USER_SCHEMA_ID, BIND_VALUES) values
            ('01b9ae55-0611-f470-0000-328d29a6914e','COMMIT',32,'_DB_PROD',630.0,'MONGO','COMMIT',55581479388786,NULL,'DBT','DBT_TRANSFORM_ROLE',20,'TRANSFORM_WH',NULL,'STANDARD',NULL,NULL,'SUCCESS',NULL,NULL,'2025-01-13T09:25:24.975','2025-01-13T09:25:25.205',230,0,0.0,0,36,0,NULL,0,0,0,0,0,0,0,0,0,0,19,211,0,0,0,0,NULL,NULL,0,NULL,NULL,0,0,0.000035,'9.0.0',0,0,0,0,0,NULL,false,0,0,0,1736760311788000000,0,'ROLE','fcbf3ab468c1e84dea95bfce429aa03e',2,'fcbf3ab468c1e84dea95bfce429aa03e',1,NULL,1,NULL,NULL,NULL,'LEGACY_SERVICE',NULL,NULL,NULL,NULL,NULL),('01b9adad-0611-f470-0000-328d29a5c10a','DROP TABLE IF EXISTS hightouch_planner.SYNC2286788_REQUEST658855316_PLAN
;
DROP TABLE IF EXISTS hightouch_planner.SYNC2286788_REQUEST658855316_REJECTIONS',32,'_DB_PROD',NULL,NULL,'MULTI_STATEMENT',55581479365502,NULL,'HIGHTOUCH','HIGHTOUCH_ROLE',19,'ETL_WH','X-Small','STANDARD',1.0,'{""source"":""hightouch""}','SUCCESS',NULL,NULL,'2025-01-13T06:37:14.686','2025-01-13T06:37:14.945',259,0,0.0,0,66,0,1.0,0,0,0,0,0,0,0,0,0,0,74,185,0,0,0,0,NULL,NULL,0,NULL,NULL,0,0,0.000012,'9.0.0',0,0,0,0,0,100.0,false,0,0,0,0,0,'ROLE',NULL,2,NULL,1,NULL,1,NULL,NULL,NULL,'LEGACY_SERVICE',NULL,NULL,NULL,NULL,NULL),('01b9ae54-0611-ee2f-0000-328d29a68016','describe table _DB_PROD.mongo.ai_portal_user__dbt_tmp',32,'_DB_PROD',630.0,'MONGO','DESCRIBE',55581479399934,NULL,'DBT','DBT_TRANSFORM_ROLE',20,'TRANSFORM_WH',NULL,'STANDARD',NULL,NULL,'SUCCESS',NULL,NULL,'2025-01-13T09:24:49.549','2025-01-13T09:24:49.594',45,0,0.0,0,416,0,NULL,0,0,0,0,0,0,0,0,0,0,38,7,0,0,0,0,NULL,NULL,0,NULL,NULL,0,0,0.000007,'9.0.0',0,0,0,0,0,NULL,false,0,0,0,0,0,'ROLE','ab487fe95f7c986dee8da8fae893423b',2,'ab487fe95f7c986dee8da8fae893423b',1,NULL,5,NULL,NULL,NULL,'LEGACY_SERVICE',NULL,NULL,NULL,NULL,NULL),('01b9ae55-0611-f470-0000-328d29a691a6','COMMIT',32,'_DB_PROD',630.0,'MONGO','COMMIT',55581479399934,NULL,'DBT','DBT_TRANSFORM_ROLE',20,'TRANSFORM_WH',NULL,'STANDARD',NULL,NULL,'SUCCESS',NULL,NULL,'2025-01-13T09:25:31.195','2025-01-13T09:25:31.713',518,0,0.0,0,36,0,NULL,0,0,0,0,0,0,0,0,0,0,34,484,0,0,0,0,NULL,NULL,0,NULL,NULL,0,0,0.000076,'9.0.0',0,0,0,0,0,NULL,false,0,0,0,1736760329644000000,0,'ROLE','fcbf3ab468c1e84dea95bfce429aa03e',2,'fcbf3ab468c1e84dea95bfce429aa03e',1,NULL,1,NULL,NULL,NULL,'LEGACY_SERVICE',NULL,NULL,NULL,NULL,NULL),('01b9ae54-0611-ee2f-0000-328d29a66dea','create or replace   view _DB_PROD.sources.src_ai_portal_requirements_request
  
   as (
    with requirements_request as (

    select * from fivetran_db.mongo_ai_portal.requirements_request

)


select
      
      _id as ai_portal_requirements_request_id
    , contractor_id
    , department_id
    , organization_id
    , ai_user_id as ai_portal_user_id
    , template_id
    , _cinet_lead_id as cinet_lead_id
    , type
    , status
    , updated_at::timestamp_ntz as updated_timestamp
    , created_at::timestamp_ntz as created_timestamp
    , ifnull(is_legecy_template_id, false) as is_legacy_template_id
    , ifnull(is_from_candidate, false) as is_from_candidate
    , request_code
    , updated_by
    , notify_version
    , created_by
    , zipcode
    , first_name
    , last_name
    , email
    , phone_number
    , _fivetran_synced

from requirements_request
where _fivetran_deleted = false
  );',32,'_DB_PROD',630.0,'MONGO','CREATE_VIEW',55581479399938,NULL,'DBT','DBT_TRANSFORM_ROLE',20,'TRANSFORM_WH',NULL,'STANDARD',NULL,NULL,'SUCCESS',NULL,NULL,'2025-01-13T09:24:38.968','2025-01-13T09:24:39.663',695,0,0.0,0,65,0,NULL,0,0,0,0,0,0,0,0,0,0,51,644,0,0,0,0,NULL,NULL,0,NULL,NULL,0,0,0.000106,'9.0.0',0,0,0,0,0,NULL,false,0,0,0,0,0,'ROLE','a5e3587b601f5e55f58b01ca92104b4c',2,'a5e3587b601f5e55f58b01ca92104b4c',1,NULL,1,NULL,NULL,NULL,'LEGACY_SERVICE',NULL,NULL,NULL,NULL,NULL),('01b9ae19-0611-ee2f-0000-328d29a63a7e','COMMIT',32,'_DB_PROD',630.0,'MONGO','COMMIT',55581479384334,NULL,'DBT','DBT_TRANSFORM_ROLE',20,'TRANSFORM_WH',NULL,'STANDARD',NULL,NULL,'SUCCESS',NULL,NULL,'2025-01-13T08:25:45.479','2025-01-13T08:25:46.458',979,0,0.0,0,36,0,NULL,0,0,0,0,0,0,0,0,0,0,58,921,0,0,0,0,NULL,NULL,0,NULL,NULL,0,0,0.000147,'9.0.0',0,0,0,0,0,NULL,false,0,0,0,1736756744588000000,0,'ROLE','fcbf3ab468c1e84dea95bfce429aa03e',2,'fcbf3ab468c1e84dea95bfce429aa03e',1,NULL,1,NULL,NULL,NULL,'LEGACY_SERVICE',NULL,NULL,NULL,NULL,NULL),('01b9ae54-0611-ee2f-0000-328d29a66d82','describe table _DB_PROD.artifacts.seed_executions__dbt_tmp',32,'_DB_PROD',630.0,'MONGO','DESCRIBE',55581479399934,NULL,'DBT','DBT_TRANSFORM_ROLE',20,'TRANSFORM_WH',NULL,'STANDARD',NULL,NULL,'SUCCESS',NULL,NULL,'2025-01-13T09:24:37.061','2025-01-13T09:24:37.091',30,0,0.0,0,2150,0,NULL,0,0,0,0,0,0,0,0,0,0,24,6,0,0,0,0,NULL,NULL,0,NULL,NULL,0,0,0.000004,'9.0.0',0,0,0,0,0,NULL,false,0,0,0,0,0,'ROLE','cc9088d7863cd2de9e9a9fb9d83f7616',2,'cc9088d7863cd2de9e9a9fb9d83f7616',1,NULL,16,NULL,NULL,NULL,'LEGACY_SERVICE',NULL,NULL,NULL,NULL,NULL),('01b9ae19-0611-ee2f-0000-328d29a63bde','create or replace  temporary view _DB_PROD.mongo.ai_portal_requirements_request__dbt_tmp
  
   as (
    with requirements_request as (

    select * from _DB_PROD.staging.stg_ai_portal_requirements_request

)


select

      ai_portal_requirements_request_id
    , ai_portal_user_id
    , request_code
    , created_timestamp
    , _fivetran_synced

from requirements_request
where 1 = 1


     
    and _fivetran_synced > (select max(x._fivetran_synced) from _DB_PROD.mongo.ai_portal_requirements_request as x) 
    
  );',32,'_DB_PROD',630.0,'MONGO','CREATE_VIEW',55581479384338,NULL,'DBT','DBT_TRANSFORM_ROLE',20,'TRANSFORM_WH',NULL,'STANDARD',NULL,NULL,'SUCCESS',NULL,NULL,'2025-01-13T08:25:57.141','2025-01-13T08:25:57.612',471,0,0.0,0,70,0,NULL,0,0,0,0,0,0,0,0,0,0,126,345,0,0,0,0,NULL,NULL,0,NULL,NULL,0,0,0.000066,'9.0.0',0,0,0,0,0,NULL,false,0,0,0,0,0,'ROLE','4e9dde006007a4c90bff976a00d25717',2,'4e9dde006007a4c90bff976a00d25717',1,NULL,1,NULL,NULL,NULL,'LEGACY_SERVICE',NULL,NULL,NULL,NULL,NULL),('01b9ae54-0611-ee2f-0000-328d29a66d7e','describe table _DB_PROD.artifacts.snapshot_executions__dbt_tmp',32,'_DB_PROD',630.0,'MONGO','DESCRIBE',55581479388790,NULL,'DBT','DBT_TRANSFORM_ROLE',20,'TRANSFORM_WH',NULL,'STANDARD',NULL,NULL,'SUCCESS',NULL,NULL,'2025-01-13T09:24:37.054','2025-01-13T09:24:37.087',33,0,0.0,0,2150,0,NULL,0,0,0,0,0,0,0,0,0,0,26,7,0,0,0,0,NULL,NULL,0,NULL,NULL,0,0,0.000005,'9.0.0',0,0,0,0,0,NULL,false,0,0,0,0,0,'ROLE','ee4616b7c2482396e39ffc5c3b83f7a9',2,'ee4616b7c2482396e39ffc5c3b83f7a9',1,NULL,16,NULL,NULL,NULL,'LEGACY_SERVICE',NULL,NULL,NULL,NULL,NULL),('01b9ae54-0611-ee2f-0000-328d29a66d7a','describe table _DB_PROD.artifacts.model_executions',32,'_DB_PROD',630.0,'MONGO','DESCRIBE',55581479396342,NULL,'DBT','DBT_TRANSFORM_ROLE',20,'TRANSFORM_WH',NULL,'STANDARD',NULL,NULL,'SUCCESS',NULL,NULL,'2025-01-13T09:24:36.974','2025-01-13T09:24:37.016',42,0,0.0,0,2150,0,NULL,0,0,0,0,0,0,0,0,0,0,41,1,0,0,0,0,NULL,NULL,0,NULL,NULL,0,0,0.000006,'9.0.0',0,0,0,0,0,NULL,false,0,0,0,0,0,'ROLE','d8780075660b43e6dc6163fb3ffae4b0',2,'d8780075660b43e6dc6163fb3ffae4b0',1,NULL,16,NULL,NULL,NULL,'LEGACY_SERVICE',NULL,NULL,NULL,NULL,NULL)",149,LOCAL_BENGEN,,,INSERT,55581545909662,55581424270174,DBT_SVC,DBT_DEV,64,LOOM_XS_WH,X-Small,STANDARD,1.0,"{'dbt_invocation_id': '019bc39d-4486-7453-b155-14bc7617cbeb', 'dbt_user_name': 'DBT_SVC', 'dbt_model_name': 'seed__snowflake__account_usage__query_history', 'dbt_schema_name': 'LOOM_seeds', 'dbt_package_name': 'loom', 'dbt_materialization_type': 'seed', 'dbt_incremental_strategy': '', 'dbt_model_sources': '()', 'dbt_model_refs': '()', 'dbt_model_tags': '()'}",SUCCESS,,,2026-01-15 21:43:45.979000+00:00,2026-01-15 21:43:46.298000+00:00,319,0,0.0,23552,26,0,10.0,10,0,0,0,0,0,0,0,0,0,113,206,0,0,0,0,,,0,,,0,0,3.3e-05,10.0.0,0,0,0,0,0,100.0,False,0,0,0,1768513425940000000,0,ROLE,75118be471b93b291316e3a6e81dba12,2,75118be471b93b291316e3a6e81dba12,1,"{""roleCount"":3,""roleIds"":[5882,5853,5852]}",1,,,,SERVICE,,,,,
01c1c1c3-0417-c443-0000-328d3913d322,"insert into dbt_loom_test.LOOM_seeds.expected_bse_snowflake__warehouse_metering_history (DW_METERING_HISTORY_ID, SF_WAREHOUSE_ID, DIM_END_DATETIME, DIM_START_DATETIME, DIM_WAREHOUSE_NAME, MET_CREDITS_USED, MET_CREDITS_USED_CLOUD_SERVICES, MET_CREDITS_USED_COMPUTE) values
            ('c0232ee02da220cdd35a297b9b05c38b',19,'2025-05-01T05:00:00','2025-05-01T04:00:00','etl_wh',0.681722235,0.059222234,0.622500001),('501ab6e52ab1b47d68a03b86046ffdd7',6,'2025-05-01T05:00:00','2025-05-01T04:00:00','looker_wh',3.234354998,0.011021662,3.223333336),('75f10bd8aaec5f7844558e8aac01bad9',20,'2025-05-01T05:00:00','2025-05-01T04:00:00','transform_wh',0.456616954,0.13828362,0.318333334),('b969a73e456a05857e0f2e76d8a2e212',22,'2025-05-01T05:00:00','2025-05-01T04:00:00','amplitude_wh',0.179558335,0.002891667,0.176666668),('2d836a7a2a6e4db77483e7fab15d4463',19,'2025-05-01T06:00:00','2025-05-01T05:00:00','etl_wh',0.519063381,0.170730048,0.348333333),('c3b8fef914faa234e4de2d08fe257124',6,'2025-05-01T06:00:00','2025-05-01T05:00:00','looker_wh',4.009123887,0.009123885,4.000000002),('e2f1ece668fd818a2bd55dc9a985c508',20,'2025-05-01T06:00:00','2025-05-01T05:00:00','transform_wh',0.449853345,0.137075567,0.312777778),('e4b0f348e0a7f82738c30b38a8e57fa8',22,'2025-05-01T06:00:00','2025-05-01T05:00:00','amplitude_wh',0.173042219,0.003042219,0.17),('63f7455e7f826179045dd7127556cab3',20,'2025-05-01T07:00:00','2025-05-01T06:00:00','transform_wh',0.513710012,0.192321123,0.321388889),('ace8e1e1a01cc0528e89c677dad918a9',22,'2025-04-25T15:00:00','2025-04-25T14:00:00','amplitude_wh',0.188693058,0.002581946,0.186111112)",149,LOCAL_BENGEN,,,INSERT,55581545923858,55581424277702,DBT_SVC,DBT_DEV,64,LOOM_XS_WH,X-Small,STANDARD,1.0,"{'dbt_invocation_id': '019bc3c5-89e6-7b10-908a-5fcb03f12b74', 'dbt_user_name': 'DBT_SVC', 'dbt_model_name': 'expected_bse_snowflake__warehouse_metering_history', 'dbt_schema_name': 'LOOM_seeds', 'dbt_package_name': 'loom', 'dbt_materialization_type': 'seed', 'dbt_incremental_strategy': ''}",SUCCESS,,,2026-01-15 22:27:44.833000+00:00,2026-01-15 22:27:45.380000+00:00,547,0,0.0,4096,26,0,10.0,10,0,0,0,0,0,0,0,0,0,199,348,0,0,0,0,,,0,,,0,0,5.2e-05,10.0.0,0,0,0,0,0,100.0,False,0,0,0,1768516064786000000,0,ROLE,9afb2ce3306ed217b3caf3e14ebf2740,2,9afb2ce3306ed217b3caf3e14ebf2740,1,"{""roleCount"":3,""roleIds"":[5882,5853,5852]}",1,,,,SERVICE,,,,,
01c1c18f-0417-c2ac-0000-328d391301ce,"insert into dbt_loom_test.LOOM_seeds.expected_bse_snowflake__warehouse_metering_history (DW_METERING_HISTORY_ID, SF_WAREHOUSE_ID, DIM_END_DATETIME, DIM_START_DATETIME, DIM_WAREHOUSE_NAME, MET_CREDITS_USED, MET_CREDITS_USED_CLOUD_SERVICES, MET_CREDITS_USED_COMPUTE) values
            ('c0232ee02da220cdd35a297b9b05c38b',19,'2025-05-01T05:00:00','2025-05-01T04:00:00','etl_wh',0.681722235,0.059222234,0.622500001),('501ab6e52ab1b47d68a03b86046ffdd7',6,'2025-05-01T05:00:00','2025-05-01T04:00:00','looker_wh',3.234354998,0.011021662,3.223333336),('75f10bd8aaec5f7844558e8aac01bad9',20,'2025-05-01T05:00:00','2025-05-01T04:00:00','transform_wh',0.456616954,0.13828362,0.318333334),('b969a73e456a05857e0f2e76d8a2e212',22,'2025-05-01T05:00:00','2025-05-01T04:00:00','amplitude_wh',0.179558335,0.002891667,0.176666668),('2d836a7a2a6e4db77483e7fab15d4463',19,'2025-05-01T06:00:00','2025-05-01T05:00:00','etl_wh',0.519063381,0.170730048,0.348333333),('c3b8fef914faa234e4de2d08fe257124',6,'2025-05-01T06:00:00','2025-05-01T05:00:00','looker_wh',4.009123887,0.009123885,4.000000002),('e2f1ece668fd818a2bd55dc9a985c508',20,'2025-05-01T06:00:00','2025-05-01T05:00:00','transform_wh',0.449853345,0.137075567,0.312777778),('e4b0f348e0a7f82738c30b38a8e57fa8',22,'2025-05-01T06:00:00','2025-05-01T05:00:00','amplitude_wh',0.173042219,0.003042219,0.17),('63f7455e7f826179045dd7127556cab3',20,'2025-05-01T07:00:00','2025-05-01T06:00:00','transform_wh',0.513710012,0.192321123,0.321388889),('ace8e1e1a01cc0528e89c677dad918a9',22,'2025-04-25T15:00:00','2025-04-25T14:00:00','amplitude_wh',0.188693058,0.002581946,0.186111112)",149,LOCAL_BENGEN,,,INSERT,55581545909582,55581424270106,DBT_SVC,DBT_DEV,64,LOOM_XS_WH,X-Small,STANDARD,1.0,"{'dbt_invocation_id': '019bc395-cea7-7f10-bf31-6d6cccaa354f', 'dbt_user_name': 'DBT_SVC', 'dbt_model_name': 'expected_bse_snowflake__warehouse_metering_history', 'dbt_schema_name': 'LOOM_seeds', 'dbt_package_name': 'loom', 'dbt_materialization_type': 'seed', 'dbt_incremental_strategy': '', 'dbt_model_sources': '()', 'dbt_model_refs': '()', 'dbt_model_tags': '()'}",SUCCESS,,,2026-01-15 21:35:39.803000+00:00,2026-01-15 21:35:41.025000+00:00,1222,0,0.0,4096,26,0,10.0,10,0,0,0,0,0,0,0,0,0,326,249,647,0,0,0,,,0,,,0,0,6.6e-05,10.0.0,0,0,0,0,0,100.0,False,0,0,0,1768512939741000000,0,ROLE,9afb2ce3306ed217b3caf3e14ebf2740,2,9afb2ce3306ed217b3caf3e14ebf2740,1,"{""roleCount"":3,""roleIds"":[5882,5853,5852]}",1,,,,SERVICE,,,,,
